{"cameraMode":{"drawMode":0,"name":"Shaded","section":"Shading Mode"},"sceneLighting":false,"audioPlay":false,"sceneViewState":{"m_AlwaysRefresh":false,"showFog":true,"showSkybox":false,"showFlares":true,"showImageEffects":true,"showParticleSystems":true,"showVisualEffectGraphs":true,"m_FxEnabled":true},"in2DMode":false,"pivot":{"x":-1.0907113552093506,"y":0.3177863359451294,"z":-0.1832418441772461},"rotation":{"x":-0.03089422918856144,"y":-0.9691177010536194,"z":0.17365813255310059,"w":-0.17242830991744996},"size":2.825331687927246,"orthographic":false}