{"cameraMode":{"drawMode":0,"name":"Shaded","section":"Shading Mode"},"sceneLighting":false,"audioPlay":false,"sceneViewState":{"m_AlwaysRefresh":false,"showFog":true,"showSkybox":true,"showFlares":true,"showImageEffects":true,"showParticleSystems":true,"showVisualEffectGraphs":true,"m_FxEnabled":true},"in2DMode":false,"pivot":{"x":-1.837687373161316,"y":22.299970626831056,"z":39.00243377685547},"rotation":{"x":-0.032014328986406329,"y":0.9640575647354126,"z":-0.22553390264511109,"w":-0.13685354590415955},"size":2.757136583328247,"orthographic":false}